grupo_edad|sexo|escolaridad|estado_origen|estado_destino|probabilidad|n_muestra_pond|n_muestra_sin_pond|baja_confianza
25-29|hombre|basica-|formal_IMSS|formal_IMSS|0.7846682691559597|260483.0|908|False
25-29|hombre|basica-|formal_IMSS|informal|0.1743973136921301|260483.0|908|False
25-29|hombre|basica-|formal_IMSS|desempleado|0.016682130397236025|260483.0|908|False
25-29|hombre|basica-|formal_IMSS|fuera_PEA|0.02425228675467415|260483.0|908|False
25-29|hombre|basica-|informal|formal_IMSS|0.07502941892303006|583518.0|1507|False
25-29|hombre|basica-|informal|informal|0.8539198215411923|583518.0|1507|False
25-29|hombre|basica-|informal|desempleado|0.011345867387758229|583518.0|1507|False
25-29|hombre|basica-|informal|fuera_PEA|0.05970489214801944|583518.0|1507|False
25-29|hombre|basica-|desempleado|formal_IMSS|0.19294410675713822|23292.0|78|False
25-29|hombre|basica-|desempleado|informal|0.4247909887937706|23292.0|78|False
25-29|hombre|basica-|desempleado|desempleado|0.2234291992698036|23292.0|78|False
25-29|hombre|basica-|desempleado|fuera_PEA|0.15883570517928763|23292.0|78|False
25-29|hombre|basica-|fuera_PEA|formal_IMSS|0.06899630285898889|57361.0|213|False
25-29|hombre|basica-|fuera_PEA|informal|0.2937052223961696|57361.0|213|False
25-29|hombre|basica-|fuera_PEA|desempleado|0.03550891969482302|57361.0|213|False
25-29|hombre|basica-|fuera_PEA|fuera_PEA|0.6017895550500185|57361.0|213|False
25-29|hombre|media_sup|formal_IMSS|formal_IMSS|0.807419390404172|383813.0|1314|False
25-29|hombre|media_sup|formal_IMSS|informal|0.14528370094957455|383813.0|1314|False
25-29|hombre|media_sup|formal_IMSS|desempleado|0.030284700627390058|383813.0|1314|False
25-29|hombre|media_sup|formal_IMSS|fuera_PEA|0.01701220801886343|383813.0|1314|False
25-29|hombre|media_sup|informal|formal_IMSS|0.1081801078958598|409447.0|1226|False
25-29|hombre|media_sup|informal|informal|0.8161317360196747|409447.0|1226|False
25-29|hombre|media_sup|informal|desempleado|0.02506876763831527|409447.0|1226|False
25-29|hombre|media_sup|informal|fuera_PEA|0.05061938844615025|409447.0|1226|False
25-29|hombre|media_sup|desempleado|formal_IMSS|0.2717215729248663|30012.0|98|False
25-29|hombre|media_sup|desempleado|informal|0.3616295257916095|30012.0|98|False
25-29|hombre|media_sup|desempleado|desempleado|0.21145930435356333|30012.0|98|False
25-29|hombre|media_sup|desempleado|fuera_PEA|0.15518959692996087|30012.0|98|False
25-29|hombre|media_sup|fuera_PEA|formal_IMSS|0.1394270138200734|53749.0|153|False
25-29|hombre|media_sup|fuera_PEA|informal|0.32079381022650366|53749.0|153|False
25-29|hombre|media_sup|fuera_PEA|desempleado|0.08421598328554286|53749.0|153|False
25-29|hombre|media_sup|fuera_PEA|fuera_PEA|0.45556319266788003|53749.0|153|False
25-29|hombre|superior|formal_IMSS|formal_IMSS|0.8202670051176733|508301.0|1846|False
25-29|hombre|superior|formal_IMSS|informal|0.11503242606277193|508301.0|1846|False
25-29|hombre|superior|formal_IMSS|desempleado|0.017719276457903436|508301.0|1846|False
25-29|hombre|superior|formal_IMSS|fuera_PEA|0.04698129236165134|508301.0|1846|False
25-29|hombre|superior|informal|formal_IMSS|0.14789157220970992|375301.0|1363|False
25-29|hombre|superior|informal|informal|0.734317224851738|375301.0|1363|False
25-29|hombre|superior|informal|desempleado|0.039873251613184606|375301.0|1363|False
25-29|hombre|superior|informal|fuera_PEA|0.07791795132536747|375301.0|1363|False
25-29|hombre|superior|desempleado|formal_IMSS|0.29446975323078217|62167.0|184|False
25-29|hombre|superior|desempleado|informal|0.2943569962246974|62167.0|184|False
25-29|hombre|superior|desempleado|desempleado|0.2257867973632385|62167.0|184|False
25-29|hombre|superior|desempleado|fuera_PEA|0.18538645318128194|62167.0|184|False
25-29|hombre|superior|fuera_PEA|formal_IMSS|0.09960346673323639|100493.0|335|False
25-29|hombre|superior|fuera_PEA|informal|0.23491267763060092|100493.0|335|False
25-29|hombre|superior|fuera_PEA|desempleado|0.0716636291448684|100493.0|335|False
25-29|hombre|superior|fuera_PEA|fuera_PEA|0.5938202264912944|100493.0|335|False
25-29|mujer|basica-|formal_IMSS|formal_IMSS|0.821412594824783|133001.0|438|False
25-29|mujer|basica-|formal_IMSS|informal|0.08584046485874897|133001.0|438|False
25-29|mujer|basica-|formal_IMSS|desempleado|0.008527509927533143|133001.0|438|False
25-29|mujer|basica-|formal_IMSS|fuera_PEA|0.08421943038893495|133001.0|438|False
25-29|mujer|basica-|informal|formal_IMSS|0.042057677424808496|328708.0|950|False
25-29|mujer|basica-|informal|informal|0.6564916063607626|328708.0|950|False
25-29|mujer|basica-|informal|desempleado|0.020056374921839787|328708.0|950|False
25-29|mujer|basica-|informal|fuera_PEA|0.2813943412925891|328708.0|950|False
25-29|mujer|basica-|desempleado|formal_IMSS|0.3559212268371601|17632.0|59|False
25-29|mujer|basica-|desempleado|informal|0.28969768425647685|17632.0|59|False
25-29|mujer|basica-|desempleado|desempleado|0.026035719657173717|17632.0|59|False
25-29|mujer|basica-|desempleado|fuera_PEA|0.3283453692491894|17632.0|59|False
25-29|mujer|basica-|fuera_PEA|formal_IMSS|0.018722087391312838|587390.0|1575|False
25-29|mujer|basica-|fuera_PEA|informal|0.1641743280523653|587390.0|1575|False
25-29|mujer|basica-|fuera_PEA|desempleado|0.006188087853165651|587390.0|1575|False
25-29|mujer|basica-|fuera_PEA|fuera_PEA|0.8109154967031562|587390.0|1575|False
25-29|mujer|media_sup|formal_IMSS|formal_IMSS|0.804105735119406|219456.0|780|False
25-29|mujer|media_sup|formal_IMSS|informal|0.09211705798530645|219456.0|780|False
25-29|mujer|media_sup|formal_IMSS|desempleado|0.01675137864341137|219456.0|780|False
25-29|mujer|media_sup|formal_IMSS|fuera_PEA|0.08702582825187613|219456.0|780|False
25-29|mujer|media_sup|informal|formal_IMSS|0.061181726159445955|309271.0|892|False
25-29|mujer|media_sup|informal|informal|0.6550304287981316|309271.0|892|False
25-29|mujer|media_sup|informal|desempleado|0.012949840156229851|309271.0|892|False
25-29|mujer|media_sup|informal|fuera_PEA|0.2708380048861926|309271.0|892|False
25-29|mujer|media_sup|desempleado|formal_IMSS|0.22271374866526786|23174.0|74|False
25-29|mujer|media_sup|desempleado|informal|0.35713180191907756|23174.0|74|False
25-29|mujer|media_sup|desempleado|desempleado|0.09093532331667763|23174.0|74|False
25-29|mujer|media_sup|desempleado|fuera_PEA|0.3292191260989769|23174.0|74|False
25-29|mujer|media_sup|fuera_PEA|formal_IMSS|0.04082174485719113|383514.0|1148|False
25-29|mujer|media_sup|fuera_PEA|informal|0.2066869165825189|383514.0|1148|False
25-29|mujer|media_sup|fuera_PEA|desempleado|0.020827270142681303|383514.0|1148|False
25-29|mujer|media_sup|fuera_PEA|fuera_PEA|0.7316640684176087|383514.0|1148|False
25-29|mujer|superior|formal_IMSS|formal_IMSS|0.7956019533117742|486727.0|1710|False
25-29|mujer|superior|formal_IMSS|informal|0.1196768673065721|486727.0|1710|False
25-29|mujer|superior|formal_IMSS|desempleado|0.025396084053287207|486727.0|1710|False
25-29|mujer|superior|formal_IMSS|fuera_PEA|0.0593250953283664|486727.0|1710|False
25-29|mujer|superior|informal|formal_IMSS|0.13630602209083723|417828.0|1407|False
25-29|mujer|superior|informal|informal|0.7126070680706317|417828.0|1407|False
25-29|mujer|superior|informal|desempleado|0.013735603889827875|417828.0|1407|False
25-29|mujer|superior|informal|fuera_PEA|0.13735130594870323|417828.0|1407|False
25-29|mujer|superior|desempleado|formal_IMSS|0.2241339799239143|62268.0|201|False
25-29|mujer|superior|desempleado|informal|0.2113748445745554|62268.0|201|False
25-29|mujer|superior|desempleado|desempleado|0.32582268713376544|62268.0|201|False
25-29|mujer|superior|desempleado|fuera_PEA|0.23866848836776486|62268.0|201|False
25-29|mujer|superior|fuera_PEA|formal_IMSS|0.07398964059701976|280043.0|898|False
25-29|mujer|superior|fuera_PEA|informal|0.21138081315058582|280043.0|898|False
25-29|mujer|superior|fuera_PEA|desempleado|0.09746131124222394|280043.0|898|False
25-29|mujer|superior|fuera_PEA|fuera_PEA|0.6171682350101705|280043.0|898|False
30-34|hombre|basica-|formal_IMSS|formal_IMSS|0.7967901195546209|340356.0|1121|False
30-34|hombre|basica-|formal_IMSS|informal|0.16421904862461945|340356.0|1121|False
30-34|hombre|basica-|formal_IMSS|desempleado|0.01920953008342854|340356.0|1121|False
30-34|hombre|basica-|formal_IMSS|fuera_PEA|0.0197813017373311|340356.0|1121|False
30-34|hombre|basica-|informal|formal_IMSS|0.059596961322167546|778172.0|2041|False
30-34|hombre|basica-|informal|informal|0.876827253808186|778172.0|2041|False
30-34|hombre|basica-|informal|desempleado|0.012262878001712661|778172.0|2041|False
30-34|hombre|basica-|informal|fuera_PEA|0.05131290686793383|778172.0|2041|False
30-34|hombre|basica-|desempleado|formal_IMSS|0.247776498718496|25902.0|84|False
30-34|hombre|basica-|desempleado|informal|0.48464887579159077|25902.0|84|False
30-34|hombre|basica-|desempleado|desempleado|0.12324585951622707|25902.0|84|False
30-34|hombre|basica-|desempleado|fuera_PEA|0.14432876597368613|25902.0|84|False
30-34|hombre|basica-|fuera_PEA|formal_IMSS|0.04084282182748576|69644.0|227|False
30-34|hombre|basica-|fuera_PEA|informal|0.3508445409672199|69644.0|227|False
30-34|hombre|basica-|fuera_PEA|desempleado|0.008407800993069205|69644.0|227|False
30-34|hombre|basica-|fuera_PEA|fuera_PEA|0.5999048362122251|69644.0|227|False
30-34|hombre|media_sup|formal_IMSS|formal_IMSS|0.8406099719340946|385582.0|1289|False
30-34|hombre|media_sup|formal_IMSS|informal|0.1250020497825024|385582.0|1289|False
30-34|hombre|media_sup|formal_IMSS|desempleado|0.010196654732848327|385582.0|1289|False
30-34|hombre|media_sup|formal_IMSS|fuera_PEA|0.024191323550554554|385582.0|1289|False
30-34|hombre|media_sup|informal|formal_IMSS|0.10182149302920113|377627.0|1132|False
30-34|hombre|media_sup|informal|informal|0.8316624771999271|377627.0|1132|False
30-34|hombre|media_sup|informal|desempleado|0.021893260323157093|377627.0|1132|False
30-34|hombre|media_sup|informal|fuera_PEA|0.04462276944771465|377627.0|1132|False
30-34|hombre|media_sup|desempleado|formal_IMSS|0.13593578913459137|21702.0|61|False
30-34|hombre|media_sup|desempleado|informal|0.40503801995781846|21702.0|61|False
30-34|hombre|media_sup|desempleado|desempleado|0.36762755133413494|21702.0|61|False
30-34|hombre|media_sup|desempleado|fuera_PEA|0.09139863957345523|21702.0|61|False
30-34|hombre|media_sup|fuera_PEA|formal_IMSS|0.20205607943232537|30040.0|97|False
30-34|hombre|media_sup|fuera_PEA|informal|0.3711829055885357|30040.0|97|False
30-34|hombre|media_sup|fuera_PEA|desempleado|0.0698258361173856|30040.0|97|False
30-34|hombre|media_sup|fuera_PEA|fuera_PEA|0.35693517886175335|30040.0|97|False
30-34|hombre|superior|formal_IMSS|formal_IMSS|0.8489319575649129|478497.0|1692|False
30-34|hombre|superior|formal_IMSS|informal|0.12142779964040849|478497.0|1692|False
30-34|hombre|superior|formal_IMSS|desempleado|0.019600815780164718|478497.0|1692|False
30-34|hombre|superior|formal_IMSS|fuera_PEA|0.010039427014513812|478497.0|1692|False
30-34|hombre|superior|informal|formal_IMSS|0.1236069820790057|376459.0|1321|False
30-34|hombre|superior|informal|informal|0.8123344267129077|376459.0|1321|False
30-34|hombre|superior|informal|desempleado|0.03274530237265129|376459.0|1321|False
30-34|hombre|superior|informal|fuera_PEA|0.03131328883543531|376459.0|1321|False
30-34|hombre|superior|desempleado|formal_IMSS|0.3011838451825889|35403.0|106|False
30-34|hombre|superior|desempleado|informal|0.36014403819643137|35403.0|106|False
30-34|hombre|superior|desempleado|desempleado|0.2277641894033639|35403.0|106|False
30-34|hombre|superior|desempleado|fuera_PEA|0.11090792721761578|35403.0|106|False
30-34|hombre|superior|fuera_PEA|formal_IMSS|0.10941661913229789|34702.0|133|False
30-34|hombre|superior|fuera_PEA|informal|0.3194659774749118|34702.0|133|False
30-34|hombre|superior|fuera_PEA|desempleado|0.12230107461435251|34702.0|133|False
30-34|hombre|superior|fuera_PEA|fuera_PEA|0.44881632877843786|34702.0|133|False
30-34|mujer|basica-|formal_IMSS|formal_IMSS|0.752452469316268|186936.0|622|False
30-34|mujer|basica-|formal_IMSS|informal|0.15313924330836426|186936.0|622|False
30-34|mujer|basica-|formal_IMSS|desempleado|0.013240406642138982|186936.0|622|False
30-34|mujer|basica-|formal_IMSS|fuera_PEA|0.08116788073322877|186936.0|622|False
30-34|mujer|basica-|informal|formal_IMSS|0.045148258546331886|470614.0|1333|False
30-34|mujer|basica-|informal|informal|0.6947399826906366|470614.0|1333|False
30-34|mujer|basica-|informal|desempleado|0.012667018482475957|470614.0|1333|False
30-34|mujer|basica-|informal|fuera_PEA|0.24744474028055546|470614.0|1333|False
30-34|mujer|basica-|desempleado|formal_IMSS|0.19606219406976735|15953.0|54|False
30-34|mujer|basica-|desempleado|informal|0.24164258636794764|15953.0|54|False
30-34|mujer|basica-|desempleado|desempleado|0.06973313670939504|15953.0|54|False
30-34|mujer|basica-|desempleado|fuera_PEA|0.49256208285288994|15953.0|54|False
30-34|mujer|basica-|fuera_PEA|formal_IMSS|0.020058582051374216|690568.0|1851|False
30-34|mujer|basica-|fuera_PEA|informal|0.15453740068943664|690568.0|1851|False
30-34|mujer|basica-|fuera_PEA|desempleado|0.009969115505654503|690568.0|1851|False
30-34|mujer|basica-|fuera_PEA|fuera_PEA|0.8154349017535346|690568.0|1851|False
30-34|mujer|media_sup|formal_IMSS|formal_IMSS|0.8408044027590978|217086.0|809|False
30-34|mujer|media_sup|formal_IMSS|informal|0.07724164284415172|217086.0|809|False
30-34|mujer|media_sup|formal_IMSS|desempleado|0.008330171490339435|217086.0|809|False
30-34|mujer|media_sup|formal_IMSS|fuera_PEA|0.07362378290641115|217086.0|809|False
30-34|mujer|media_sup|informal|formal_IMSS|0.07909233272944267|351759.0|1094|False
30-34|mujer|media_sup|informal|informal|0.6988532422316646|351759.0|1094|False
30-34|mujer|media_sup|informal|desempleado|0.010586711910559744|351759.0|1094|False
30-34|mujer|media_sup|informal|fuera_PEA|0.21146771312833298|351759.0|1094|False
30-34|mujer|media_sup|desempleado|formal_IMSS|0.12239468458178955|20691.0|55|False
30-34|mujer|media_sup|desempleado|informal|0.6127450262386405|20691.0|55|False
30-34|mujer|media_sup|desempleado|desempleado|0.04777555440403826|20691.0|55|False
30-34|mujer|media_sup|desempleado|fuera_PEA|0.21708473477553175|20691.0|55|False
30-34|mujer|media_sup|fuera_PEA|formal_IMSS|0.02670276278861961|375426.0|1165|False
30-34|mujer|media_sup|fuera_PEA|informal|0.18628328331013944|375426.0|1165|False
30-34|mujer|media_sup|fuera_PEA|desempleado|0.009260974030394732|375426.0|1165|False
30-34|mujer|media_sup|fuera_PEA|fuera_PEA|0.7777529798708462|375426.0|1165|False
30-34|mujer|superior|formal_IMSS|formal_IMSS|0.8411710092315279|433006.0|1510|False
30-34|mujer|superior|formal_IMSS|informal|0.09582674657834282|433006.0|1510|False
30-34|mujer|superior|formal_IMSS|desempleado|0.016460163688777316|433006.0|1510|False
30-34|mujer|superior|formal_IMSS|fuera_PEA|0.04654208050135199|433006.0|1510|False
30-34|mujer|superior|informal|formal_IMSS|0.0954807356264637|398666.0|1455|False
30-34|mujer|superior|informal|informal|0.7891025905959752|398666.0|1455|False
30-34|mujer|superior|informal|desempleado|0.016048557800812026|398666.0|1455|False
30-34|mujer|superior|informal|fuera_PEA|0.09936811597674902|398666.0|1455|False
30-34|mujer|superior|desempleado|formal_IMSS|0.10620378105053359|27237.0|90|False
30-34|mujer|superior|desempleado|informal|0.36931141003756396|27237.0|90|False
30-34|mujer|superior|desempleado|desempleado|0.12568689397200267|27237.0|90|False
30-34|mujer|superior|desempleado|fuera_PEA|0.3987979149398998|27237.0|90|False
30-34|mujer|superior|fuera_PEA|formal_IMSS|0.07080914423520024|203284.0|701|False
30-34|mujer|superior|fuera_PEA|informal|0.17844051167019417|203284.0|701|False
30-34|mujer|superior|fuera_PEA|desempleado|0.028525097272853763|203284.0|701|False
30-34|mujer|superior|fuera_PEA|fuera_PEA|0.7222252468217518|203284.0|701|False
35-39|hombre|basica-|formal_IMSS|formal_IMSS|0.8077967058213605|338689.0|1170|False
35-39|hombre|basica-|formal_IMSS|informal|0.16314404427670542|338689.0|1170|False
35-39|hombre|basica-|formal_IMSS|desempleado|0.01104673556464416|338689.0|1170|False
35-39|hombre|basica-|formal_IMSS|fuera_PEA|0.018012514337289807|338689.0|1170|False
35-39|hombre|basica-|informal|formal_IMSS|0.06663627504242155|824601.0|2276|False
35-39|hombre|basica-|informal|informal|0.8893952139622531|824601.0|2276|False
35-39|hombre|basica-|informal|desempleado|0.009351467597964522|824601.0|2276|False
35-39|hombre|basica-|informal|fuera_PEA|0.03461704339736087|824601.0|2276|False
35-39|hombre|basica-|desempleado|formal_IMSS|0.17867219696527134|16182.0|55|False
35-39|hombre|basica-|desempleado|informal|0.6022728145904531|16182.0|55|False
35-39|hombre|basica-|desempleado|desempleado|0.1006238949927563|16182.0|55|False
35-39|hombre|basica-|desempleado|fuera_PEA|0.11843109345151914|16182.0|55|False
35-39|hombre|basica-|fuera_PEA|formal_IMSS|0.025988718387202406|87556.0|227|False
35-39|hombre|basica-|fuera_PEA|informal|0.3330982821301843|87556.0|227|False
35-39|hombre|basica-|fuera_PEA|desempleado|0.06507845560779656|87556.0|227|False
35-39|hombre|basica-|fuera_PEA|fuera_PEA|0.5758345438748169|87556.0|227|False
35-39|hombre|media_sup|formal_IMSS|formal_IMSS|0.8233625391033009|333183.0|1138|False
35-39|hombre|media_sup|formal_IMSS|informal|0.154480427462145|333183.0|1138|False
35-39|hombre|media_sup|formal_IMSS|desempleado|0.008882644860845923|333183.0|1138|False
35-39|hombre|media_sup|formal_IMSS|fuera_PEA|0.013274388573708057|333183.0|1138|False
35-39|hombre|media_sup|informal|formal_IMSS|0.10532732862643748|394694.0|1129|False
35-39|hombre|media_sup|informal|informal|0.8498632030971538|394694.0|1129|False
35-39|hombre|media_sup|informal|desempleado|0.015536945694042887|394694.0|1129|False
35-39|hombre|media_sup|informal|fuera_PEA|0.02927252258236578|394694.0|1129|False
35-39|hombre|media_sup|desempleado|formal_IMSS|0.21441524419739363|11567.0|39|False
35-39|hombre|media_sup|desempleado|informal|0.18820358561264455|11567.0|39|False
35-39|hombre|media_sup|desempleado|desempleado|0.444312849504043|11567.0|39|False
35-39|hombre|media_sup|desempleado|fuera_PEA|0.15306832068591888|11567.0|39|False
35-39|hombre|media_sup|fuera_PEA|formal_IMSS|0.11509411376924028|27818.0|90|False
35-39|hombre|media_sup|fuera_PEA|informal|0.3246792281834502|27818.0|90|False
35-39|hombre|media_sup|fuera_PEA|desempleado|0.0915783849691476|27818.0|90|False
35-39|hombre|media_sup|fuera_PEA|fuera_PEA|0.468648273078162|27818.0|90|False
35-39|hombre|superior|formal_IMSS|formal_IMSS|0.8614815679894732|375227.0|1323|False
35-39|hombre|superior|formal_IMSS|informal|0.11038342608533531|375227.0|1323|False
35-39|hombre|superior|formal_IMSS|desempleado|0.007152955484809633|375227.0|1323|False
35-39|hombre|superior|formal_IMSS|fuera_PEA|0.020982050440381875|375227.0|1323|False
35-39|hombre|superior|informal|formal_IMSS|0.11181987923290101|336194.0|1207|False
35-39|hombre|superior|informal|informal|0.8294560160925688|336194.0|1207|False
35-39|hombre|superior|informal|desempleado|0.02481359036595889|336194.0|1207|False
35-39|hombre|superior|informal|fuera_PEA|0.03391051430857128|336194.0|1207|False
35-39|hombre|superior|desempleado|formal_IMSS|0.438378774952507|22642.0|66|False
35-39|hombre|superior|desempleado|informal|0.35487535971439327|22642.0|66|False
35-39|hombre|superior|desempleado|desempleado|0.15704604661158353|22642.0|66|False
35-39|hombre|superior|desempleado|fuera_PEA|0.04969981872151613|22642.0|66|False
35-39|hombre|superior|fuera_PEA|formal_IMSS|0.12946324327898476|19121.0|71|False
35-39|hombre|superior|fuera_PEA|informal|0.3815473072337984|19121.0|71|False
35-39|hombre|superior|fuera_PEA|desempleado|0.1151434073773601|19121.0|71|False
35-39|hombre|superior|fuera_PEA|fuera_PEA|0.37384604210985667|19121.0|71|False
35-39|mujer|basica-|formal_IMSS|formal_IMSS|0.8277573997332549|180304.0|677|False
35-39|mujer|basica-|formal_IMSS|informal|0.12351658269136209|180304.0|677|False
35-39|mujer|basica-|formal_IMSS|desempleado|0.009311638372703929|180304.0|677|False
35-39|mujer|basica-|formal_IMSS|fuera_PEA|0.03941437920267907|180304.0|677|False
35-39|mujer|basica-|informal|formal_IMSS|0.04995449144619428|585637.0|1663|False
35-39|mujer|basica-|informal|informal|0.7256426884384709|585637.0|1663|False
35-39|mujer|basica-|informal|desempleado|0.0062506756317489654|585637.0|1663|False
35-39|mujer|basica-|informal|fuera_PEA|0.21815214448358589|585637.0|1663|False
35-39|mujer|basica-|desempleado|formal_IMSS|0.21708931565878675|17182.0|57|False
35-39|mujer|basica-|desempleado|informal|0.24336895645784345|17182.0|57|False
35-39|mujer|basica-|desempleado|desempleado|0.021896105007894667|17182.0|57|False
35-39|mujer|basica-|desempleado|fuera_PEA|0.5176456228754751|17182.0|57|False
35-39|mujer|basica-|fuera_PEA|formal_IMSS|0.015891374431472635|723103.0|1979|False
35-39|mujer|basica-|fuera_PEA|informal|0.19656035462741492|723103.0|1979|False
35-39|mujer|basica-|fuera_PEA|desempleado|0.007484589410050744|723103.0|1979|False
35-39|mujer|basica-|fuera_PEA|fuera_PEA|0.7800636815310616|723103.0|1979|False
35-39|mujer|media_sup|formal_IMSS|formal_IMSS|0.815107825046544|237125.0|770|False
35-39|mujer|media_sup|formal_IMSS|informal|0.09949674413768628|237125.0|770|False
35-39|mujer|media_sup|formal_IMSS|desempleado|0.012566797337317267|237125.0|770|False
35-39|mujer|media_sup|formal_IMSS|fuera_PEA|0.07282863347845232|237125.0|770|False
35-39|mujer|media_sup|informal|formal_IMSS|0.09133830107460066|340333.0|1010|False
35-39|mujer|media_sup|informal|informal|0.7251811394245032|340333.0|1010|False
35-39|mujer|media_sup|informal|desempleado|0.010133475331571854|340333.0|1010|False
35-39|mujer|media_sup|informal|fuera_PEA|0.17334708416932426|340333.0|1010|False
35-39|mujer|media_sup|desempleado|formal_IMSS|0.2009472770074196|13193.0|38|False
35-39|mujer|media_sup|desempleado|informal|0.20168129683270952|13193.0|38|False
35-39|mujer|media_sup|desempleado|desempleado|0.16776740752934005|13193.0|38|False
35-39|mujer|media_sup|desempleado|fuera_PEA|0.4296040186305308|13193.0|38|False
35-39|mujer|media_sup|fuera_PEA|formal_IMSS|0.03854886098404761|338748.0|1005|False
35-39|mujer|media_sup|fuera_PEA|informal|0.22757143385525785|338748.0|1005|False
35-39|mujer|media_sup|fuera_PEA|desempleado|0.01572823474049207|338748.0|1005|False
35-39|mujer|media_sup|fuera_PEA|fuera_PEA|0.7181514704202024|338748.0|1005|False
35-39|mujer|superior|formal_IMSS|formal_IMSS|0.8230305498884999|308090.0|1118|False
35-39|mujer|superior|formal_IMSS|informal|0.12651746168902167|308090.0|1118|False
35-39|mujer|superior|formal_IMSS|desempleado|0.0076639726076108295|308090.0|1118|False
35-39|mujer|superior|formal_IMSS|fuera_PEA|0.042788015814867617|308090.0|1118|False
35-39|mujer|superior|informal|formal_IMSS|0.06571245163232323|363973.0|1381|False
35-39|mujer|superior|informal|informal|0.8360138109098321|363973.0|1381|False
35-39|mujer|superior|informal|desempleado|0.0022227363887856173|363973.0|1381|False
35-39|mujer|superior|informal|fuera_PEA|0.09605100106905917|363973.0|1381|False
35-39|mujer|superior|desempleado|formal_IMSS|0.16898266787371646|14702.0|67|False
35-39|mujer|superior|desempleado|informal|0.41601062064867655|14702.0|67|False
35-39|mujer|superior|desempleado|desempleado|0.17432800260460551|14702.0|67|False
35-39|mujer|superior|desempleado|fuera_PEA|0.24067870887300147|14702.0|67|False
35-39|mujer|superior|fuera_PEA|formal_IMSS|0.08079899044813191|168983.0|605|False
35-39|mujer|superior|fuera_PEA|informal|0.2323136232563357|168983.0|605|False
35-39|mujer|superior|fuera_PEA|desempleado|0.009006635056349589|168983.0|605|False
35-39|mujer|superior|fuera_PEA|fuera_PEA|0.6778807512391829|168983.0|605|False
40-44|hombre|basica-|formal_IMSS|formal_IMSS|0.8453563431716239|380529.0|1354|False
40-44|hombre|basica-|formal_IMSS|informal|0.1193779315642673|380529.0|1354|False
40-44|hombre|basica-|formal_IMSS|desempleado|0.01485601961711823|380529.0|1354|False
40-44|hombre|basica-|formal_IMSS|fuera_PEA|0.02040970564699064|380529.0|1354|False
40-44|hombre|basica-|informal|formal_IMSS|0.06895855118587638|969154.0|2649|False
40-44|hombre|basica-|informal|informal|0.8785419474630568|969154.0|2649|False
40-44|hombre|basica-|informal|desempleado|0.004752679555746575|969154.0|2649|False
40-44|hombre|basica-|informal|fuera_PEA|0.047746821795320145|969154.0|2649|False
40-44|hombre|basica-|desempleado|formal_IMSS|0.24674783820803045|23092.0|68|False
40-44|hombre|basica-|desempleado|informal|0.4940892054290542|23092.0|68|False
40-44|hombre|basica-|desempleado|desempleado|0.13934537715235976|23092.0|68|False
40-44|hombre|basica-|desempleado|fuera_PEA|0.1198175792105556|23092.0|68|False
40-44|hombre|basica-|fuera_PEA|formal_IMSS|0.021310326454643685|94875.0|267|False
40-44|hombre|basica-|fuera_PEA|informal|0.33788720157923463|94875.0|267|False
40-44|hombre|basica-|fuera_PEA|desempleado|0.030916074700679395|94875.0|267|False
40-44|hombre|basica-|fuera_PEA|fuera_PEA|0.6098863972654422|94875.0|267|False
40-44|hombre|media_sup|formal_IMSS|formal_IMSS|0.8465726668429517|293116.0|996|False
40-44|hombre|media_sup|formal_IMSS|informal|0.1281302167468304|293116.0|996|False
40-44|hombre|media_sup|formal_IMSS|desempleado|0.008311764904257968|293116.0|996|False
40-44|hombre|media_sup|formal_IMSS|fuera_PEA|0.016985351505959933|293116.0|996|False
40-44|hombre|media_sup|informal|formal_IMSS|0.07141098026321524|307809.0|979|False
40-44|hombre|media_sup|informal|informal|0.8924915075501364|307809.0|979|False
40-44|hombre|media_sup|informal|desempleado|0.015047002759137925|307809.0|979|False
40-44|hombre|media_sup|informal|fuera_PEA|0.02105050942751048|307809.0|979|False
40-44|hombre|media_sup|desempleado|formal_IMSS|0.2771961491298438|16250.0|44|False
40-44|hombre|media_sup|desempleado|informal|0.4909723357370848|16250.0|44|False
40-44|hombre|media_sup|desempleado|desempleado|0.05366932067600017|16250.0|44|False
40-44|hombre|media_sup|desempleado|fuera_PEA|0.17816219445707115|16250.0|44|False
40-44|hombre|media_sup|fuera_PEA|formal_IMSS|0.09558258129866941|23673.0|77|False
40-44|hombre|media_sup|fuera_PEA|informal|0.3415986165422529|23673.0|77|False
40-44|hombre|media_sup|fuera_PEA|desempleado|0.15161509019726915|23673.0|77|False
40-44|hombre|media_sup|fuera_PEA|fuera_PEA|0.41120371196180855|23673.0|77|False
40-44|hombre|superior|formal_IMSS|formal_IMSS|0.8554069316846478|307112.0|1138|False
40-44|hombre|superior|formal_IMSS|informal|0.12536331580918672|307112.0|1138|False
40-44|hombre|superior|formal_IMSS|desempleado|0.0033702242329384474|307112.0|1138|False
40-44|hombre|superior|formal_IMSS|fuera_PEA|0.015859528273227053|307112.0|1138|False
40-44|hombre|superior|informal|formal_IMSS|0.11297303710983266|328608.0|1153|False
40-44|hombre|superior|informal|informal|0.8604853973784957|328608.0|1153|False
40-44|hombre|superior|informal|desempleado|0.00411289675265047|328608.0|1153|False
40-44|hombre|superior|informal|fuera_PEA|0.022428668759021126|328608.0|1153|False
40-44|hombre|superior|desempleado|formal_IMSS|0.16421380813609335|11715.0|50|False
40-44|hombre|superior|desempleado|informal|0.29152861028481053|11715.0|50|False
40-44|hombre|superior|desempleado|desempleado|0.3954106861295179|11715.0|50|False
40-44|hombre|superior|desempleado|fuera_PEA|0.14884689544957821|11715.0|50|False
40-44|hombre|superior|fuera_PEA|formal_IMSS|0.07672088854616807|12210.0|57|False
40-44|hombre|superior|fuera_PEA|informal|0.46210837269838584|12210.0|57|False
40-44|hombre|superior|fuera_PEA|desempleado|0.02497650525735168|12210.0|57|False
40-44|hombre|superior|fuera_PEA|fuera_PEA|0.4361942334980945|12210.0|57|False
40-44|mujer|basica-|formal_IMSS|formal_IMSS|0.8239497733629721|252926.0|857|False
40-44|mujer|basica-|formal_IMSS|informal|0.12832095859075446|252926.0|857|False
40-44|mujer|basica-|formal_IMSS|desempleado|0.002164194161437916|252926.0|857|False
40-44|mujer|basica-|formal_IMSS|fuera_PEA|0.04556507388483551|252926.0|857|False
40-44|mujer|basica-|informal|formal_IMSS|0.029494966818146933|709894.0|2085|False
40-44|mujer|basica-|informal|informal|0.7127560928669304|709894.0|2085|False
40-44|mujer|basica-|informal|desempleado|0.004342384498365371|709894.0|2085|False
40-44|mujer|basica-|informal|fuera_PEA|0.25340655581655724|709894.0|2085|False
40-44|mujer|basica-|desempleado|formal_IMSS|0.1329626739640071|17882.0|54|False
40-44|mujer|basica-|desempleado|informal|0.3517579462010921|17882.0|54|False
40-44|mujer|basica-|desempleado|desempleado|0.038870381621915015|17882.0|54|False
40-44|mujer|basica-|desempleado|fuera_PEA|0.4764089982129859|17882.0|54|False
40-44|mujer|basica-|fuera_PEA|formal_IMSS|0.01600537385517249|817159.0|2344|False
40-44|mujer|basica-|fuera_PEA|informal|0.17390390290003185|817159.0|2344|False
40-44|mujer|basica-|fuera_PEA|desempleado|0.006617020482399645|817159.0|2344|False
40-44|mujer|basica-|fuera_PEA|fuera_PEA|0.803473702762396|817159.0|2344|False
40-44|mujer|media_sup|formal_IMSS|formal_IMSS|0.7953912115656998|201393.0|698|False
40-44|mujer|media_sup|formal_IMSS|informal|0.1126777226610655|201393.0|698|False
40-44|mujer|media_sup|formal_IMSS|desempleado|0.004014657732861528|201393.0|698|False
40-44|mujer|media_sup|formal_IMSS|fuera_PEA|0.08791640804037332|201393.0|698|False
40-44|mujer|media_sup|informal|formal_IMSS|0.0586314655736752|257464.0|878|False
40-44|mujer|media_sup|informal|informal|0.7305069310481976|257464.0|878|False
40-44|mujer|media_sup|informal|desempleado|0.0024548478237370005|257464.0|878|False
40-44|mujer|media_sup|informal|fuera_PEA|0.2084067555543902|257464.0|878|False
40-44|mujer|media_sup|desempleado|formal_IMSS|0.15604267491814897|9665.0|34|False
40-44|mujer|media_sup|desempleado|informal|0.3391342455617455|9665.0|34|False
40-44|mujer|media_sup|desempleado|desempleado|0.20038482701475077|9665.0|34|False
40-44|mujer|media_sup|desempleado|fuera_PEA|0.3044382525053547|9665.0|34|False
40-44|mujer|media_sup|fuera_PEA|formal_IMSS|0.03190448127369118|280771.0|851|False
40-44|mujer|media_sup|fuera_PEA|informal|0.2488611512595827|280771.0|851|False
40-44|mujer|media_sup|fuera_PEA|desempleado|0.0024947989523561374|280771.0|851|False
40-44|mujer|media_sup|fuera_PEA|fuera_PEA|0.71673956851437|280771.0|851|False
40-44|mujer|superior|formal_IMSS|formal_IMSS|0.8091568518244505|239258.0|857|False
40-44|mujer|superior|formal_IMSS|informal|0.1109451636342766|239258.0|857|False
40-44|mujer|superior|formal_IMSS|desempleado|0.011107025602968971|239258.0|857|False
40-44|mujer|superior|formal_IMSS|fuera_PEA|0.06879095893830392|239258.0|857|False
40-44|mujer|superior|informal|formal_IMSS|0.06917134749141454|367876.0|1328|False
40-44|mujer|superior|informal|informal|0.8277853089517032|367876.0|1328|False
40-44|mujer|superior|informal|desempleado|0.00817891925729633|367876.0|1328|False
40-44|mujer|superior|informal|fuera_PEA|0.09486442429958576|367876.0|1328|False
40-44|mujer|superior|desempleado|formal_IMSS|0.11453752870575985|12083.0|39|False
40-44|mujer|superior|desempleado|informal|0.3304613919135409|12083.0|39|False
40-44|mujer|superior|desempleado|desempleado|0.11300304865426805|12083.0|39|False
40-44|mujer|superior|desempleado|fuera_PEA|0.44199803072643123|12083.0|39|False
40-44|mujer|superior|fuera_PEA|formal_IMSS|0.05214160640751172|127915.0|489|False
40-44|mujer|superior|fuera_PEA|informal|0.22004091462858813|127915.0|489|False
40-44|mujer|superior|fuera_PEA|desempleado|0.022801884101687934|127915.0|489|False
40-44|mujer|superior|fuera_PEA|fuera_PEA|0.7050155948622122|127915.0|489|False
45-49|hombre|basica-|formal_IMSS|formal_IMSS|0.8287567063660221|358059.0|1359|False
45-49|hombre|basica-|formal_IMSS|informal|0.14574455189971763|358059.0|1359|False
45-49|hombre|basica-|formal_IMSS|desempleado|0.010394025590060299|358059.0|1359|False
45-49|hombre|basica-|formal_IMSS|fuera_PEA|0.015104716144200107|358059.0|1359|False
45-49|hombre|basica-|informal|formal_IMSS|0.060101728637456796|1001896.0|2831|False
45-49|hombre|basica-|informal|informal|0.8858867944433119|1001896.0|2831|False
45-49|hombre|basica-|informal|desempleado|0.01187572268774883|1001896.0|2831|False
45-49|hombre|basica-|informal|fuera_PEA|0.04213575423148251|1001896.0|2831|False
45-49|hombre|basica-|desempleado|formal_IMSS|0.35130803323004794|20806.0|72|False
45-49|hombre|basica-|desempleado|informal|0.4372543851381394|20806.0|72|False
45-49|hombre|basica-|desempleado|desempleado|0.08626258484157995|20806.0|72|False
45-49|hombre|basica-|desempleado|fuera_PEA|0.12517499679023264|20806.0|72|False
45-49|hombre|basica-|fuera_PEA|formal_IMSS|0.03706342147036246|104662.0|292|False
45-49|hombre|basica-|fuera_PEA|informal|0.4584978298564392|104662.0|292|False
45-49|hombre|basica-|fuera_PEA|desempleado|0.027726459994078204|104662.0|292|False
45-49|hombre|basica-|fuera_PEA|fuera_PEA|0.4767122886791202|104662.0|292|False
45-49|hombre|media_sup|formal_IMSS|formal_IMSS|0.8511451522232679|229505.0|822|False
45-49|hombre|media_sup|formal_IMSS|informal|0.13091352857264135|229505.0|822|False
45-49|hombre|media_sup|formal_IMSS|desempleado|0.007158851470921105|229505.0|822|False
45-49|hombre|media_sup|formal_IMSS|fuera_PEA|0.010782467733169486|229505.0|822|False
45-49|hombre|media_sup|informal|formal_IMSS|0.1015040510420668|276757.0|943|False
45-49|hombre|media_sup|informal|informal|0.8373993985366437|276757.0|943|False
45-49|hombre|media_sup|informal|desempleado|0.018740759727649544|276757.0|943|False
45-49|hombre|media_sup|informal|fuera_PEA|0.04235579069364002|276757.0|943|False
45-49|hombre|media_sup|desempleado|formal_IMSS|0.26493248306233425|11613.0|36|False
45-49|hombre|media_sup|desempleado|informal|0.4774551994164449|11613.0|36|False
45-49|hombre|media_sup|desempleado|desempleado|0.1795793001411225|11613.0|36|False
45-49|hombre|media_sup|desempleado|fuera_PEA|0.0780330173800984|11613.0|36|False
45-49|hombre|media_sup|fuera_PEA|formal_IMSS|0.1734586150853375|26500.0|86|False
45-49|hombre|media_sup|fuera_PEA|informal|0.29299826187134564|26500.0|86|False
45-49|hombre|media_sup|fuera_PEA|desempleado|0.04150000652481034|26500.0|86|False
45-49|hombre|media_sup|fuera_PEA|fuera_PEA|0.49204311651850646|26500.0|86|False
45-49|hombre|superior|formal_IMSS|formal_IMSS|0.8841747694765176|242381.0|800|False
45-49|hombre|superior|formal_IMSS|informal|0.10807914429926085|242381.0|800|False
45-49|hombre|superior|formal_IMSS|desempleado|0.0026483493531123327|242381.0|800|False
45-49|hombre|superior|formal_IMSS|fuera_PEA|0.005097736871109165|242381.0|800|False
45-49|hombre|superior|informal|formal_IMSS|0.10839596676658615|265400.0|954|False
45-49|hombre|superior|informal|informal|0.8552395351880925|265400.0|954|False
45-49|hombre|superior|informal|desempleado|0.018918737503100944|265400.0|954|False
45-49|hombre|superior|informal|fuera_PEA|0.01744576054222062|265400.0|954|False
45-49|hombre|superior|desempleado|formal_IMSS|0.1377218044414376|12263.0|38|False
45-49|hombre|superior|desempleado|informal|0.6851166334725696|12263.0|38|False
45-49|hombre|superior|desempleado|desempleado|0.13830537662755452|12263.0|38|False
45-49|hombre|superior|desempleado|fuera_PEA|0.03885618545843836|12263.0|38|False
45-49|hombre|superior|fuera_PEA|formal_IMSS|0.2560622757068434|16694.0|56|False
45-49|hombre|superior|fuera_PEA|informal|0.3546243849098889|16694.0|56|False
45-49|hombre|superior|fuera_PEA|desempleado|0.038621198426282005|16694.0|56|False
45-49|hombre|superior|fuera_PEA|fuera_PEA|0.3506921409569857|16694.0|56|False
45-49|mujer|basica-|formal_IMSS|formal_IMSS|0.8053239616167644|236349.0|837|False
45-49|mujer|basica-|formal_IMSS|informal|0.12436052364550988|236349.0|837|False
45-49|mujer|basica-|formal_IMSS|desempleado|0.00702012426455423|236349.0|837|False
45-49|mujer|basica-|formal_IMSS|fuera_PEA|0.06329539047317151|236349.0|837|False
45-49|mujer|basica-|informal|formal_IMSS|0.02770551452366277|742216.0|2185|False
45-49|mujer|basica-|informal|informal|0.7366044167491332|742216.0|2185|False
45-49|mujer|basica-|informal|desempleado|0.0028034408221291516|742216.0|2185|False
45-49|mujer|basica-|informal|fuera_PEA|0.23288662790507478|742216.0|2185|False
45-49|mujer|basica-|desempleado|formal_IMSS|0.1697013180167853|13166.0|48|False
45-49|mujer|basica-|desempleado|informal|0.46759356590863316|13166.0|48|False
45-49|mujer|basica-|desempleado|desempleado|0.08534929450039196|13166.0|48|False
45-49|mujer|basica-|desempleado|fuera_PEA|0.27735582157418964|13166.0|48|False
45-49|mujer|basica-|fuera_PEA|formal_IMSS|0.015076713731491038|906683.0|2599|False
45-49|mujer|basica-|fuera_PEA|informal|0.19258593220720865|906683.0|2599|False
45-49|mujer|basica-|fuera_PEA|desempleado|0.0036086914357691155|906683.0|2599|False
45-49|mujer|basica-|fuera_PEA|fuera_PEA|0.7887286626255312|906683.0|2599|False
45-49|mujer|media_sup|formal_IMSS|formal_IMSS|0.8449184721271537|147865.0|534|False
45-49|mujer|media_sup|formal_IMSS|informal|0.07968947648484413|147865.0|534|False
45-49|mujer|media_sup|formal_IMSS|desempleado|0.0011651327276413091|147865.0|534|False
45-49|mujer|media_sup|formal_IMSS|fuera_PEA|0.07422691866036095|147865.0|534|False
45-49|mujer|media_sup|informal|formal_IMSS|0.05620880102055366|247498.0|832|False
45-49|mujer|media_sup|informal|informal|0.7571382357541393|247498.0|832|False
45-49|mujer|media_sup|informal|desempleado|0.01419096583079031|247498.0|832|False
45-49|mujer|media_sup|informal|fuera_PEA|0.1724619973945168|247498.0|832|False
45-49|mujer|media_sup|desempleado|formal_IMSS|0.05431619600517855|7286.0|22|True
45-49|mujer|media_sup|desempleado|informal|0.24092493015325436|7286.0|22|True
45-49|mujer|media_sup|desempleado|desempleado|0.1025426716500695|7286.0|22|True
45-49|mujer|media_sup|desempleado|fuera_PEA|0.6022162021914975|7286.0|22|True
45-49|mujer|media_sup|fuera_PEA|formal_IMSS|0.03511681426177901|233041.0|742|False
45-49|mujer|media_sup|fuera_PEA|informal|0.24566796859598047|233041.0|742|False
45-49|mujer|media_sup|fuera_PEA|desempleado|0.0025314808602397644|233041.0|742|False
45-49|mujer|media_sup|fuera_PEA|fuera_PEA|0.7166837362820008|233041.0|742|False
45-49|mujer|superior|formal_IMSS|formal_IMSS|0.793547101845248|174604.0|636|False
45-49|mujer|superior|formal_IMSS|informal|0.14652011699342732|174604.0|636|False
45-49|mujer|superior|formal_IMSS|desempleado|0.0177171344674606|174604.0|636|False
45-49|mujer|superior|formal_IMSS|fuera_PEA|0.04221564669386401|174604.0|636|False
45-49|mujer|superior|informal|formal_IMSS|0.09478341733413868|279105.0|1034|False
45-49|mujer|superior|informal|informal|0.8219484186362999|279105.0|1034|False
45-49|mujer|superior|informal|desempleado|0.004674274989571766|279105.0|1034|False
45-49|mujer|superior|informal|fuera_PEA|0.07859388903998976|279105.0|1034|False
45-49|mujer|superior|desempleado|formal_IMSS|0.10160998150742037|12287.0|35|False
45-49|mujer|superior|desempleado|informal|0.21173177480215655|12287.0|35|False
45-49|mujer|superior|desempleado|desempleado|0.3861697802335945|12287.0|35|False
45-49|mujer|superior|desempleado|fuera_PEA|0.3004884634568285|12287.0|35|False
45-49|mujer|superior|fuera_PEA|formal_IMSS|0.06556228578653975|113649.0|392|False
45-49|mujer|superior|fuera_PEA|informal|0.1635688307985655|113649.0|392|False
45-49|mujer|superior|fuera_PEA|desempleado|0.017498022920970892|113649.0|392|False
45-49|mujer|superior|fuera_PEA|fuera_PEA|0.7533708604939239|113649.0|392|False
50-54|hombre|basica-|formal_IMSS|formal_IMSS|0.8306273025107506|408441.0|1400|False
50-54|hombre|basica-|formal_IMSS|informal|0.1402803118693076|408441.0|1400|False
50-54|hombre|basica-|formal_IMSS|desempleado|0.007335560176311928|408441.0|1400|False
50-54|hombre|basica-|formal_IMSS|fuera_PEA|0.02175682544362998|408441.0|1400|False
50-54|hombre|basica-|informal|formal_IMSS|0.05118912914643404|1099844.0|3123|False
50-54|hombre|basica-|informal|informal|0.8709320234240199|1099844.0|3123|False
50-54|hombre|basica-|informal|desempleado|0.011162237466889767|1099844.0|3123|False
50-54|hombre|basica-|informal|fuera_PEA|0.06671660996265633|1099844.0|3123|False
50-54|hombre|basica-|desempleado|formal_IMSS|0.0640065665986019|23457.0|53|False
50-54|hombre|basica-|desempleado|informal|0.5675104555374019|23457.0|53|False
50-54|hombre|basica-|desempleado|desempleado|0.10842403406839712|23457.0|53|False
50-54|hombre|basica-|desempleado|fuera_PEA|0.2600589437955991|23457.0|53|False
50-54|hombre|basica-|fuera_PEA|formal_IMSS|0.025999283482296923|150906.0|468|False
50-54|hombre|basica-|fuera_PEA|informal|0.41149825951427205|150906.0|468|False
50-54|hombre|basica-|fuera_PEA|desempleado|0.028876203949087315|150906.0|468|False
50-54|hombre|basica-|fuera_PEA|fuera_PEA|0.5336262530543436|150906.0|468|False
50-54|hombre|media_sup|formal_IMSS|formal_IMSS|0.8449553941355469|207824.0|742|False
50-54|hombre|media_sup|formal_IMSS|informal|0.1110309807667079|207824.0|742|False
50-54|hombre|media_sup|formal_IMSS|desempleado|0.03186592982619181|207824.0|742|False
50-54|hombre|media_sup|formal_IMSS|fuera_PEA|0.012147695271553353|207824.0|742|False
50-54|hombre|media_sup|informal|formal_IMSS|0.08181814112434092|302471.0|928|False
50-54|hombre|media_sup|informal|informal|0.8719886698628646|302471.0|928|False
50-54|hombre|media_sup|informal|desempleado|0.006744987226180507|302471.0|928|False
50-54|hombre|media_sup|informal|fuera_PEA|0.03944820178661387|302471.0|928|False
50-54|hombre|media_sup|desempleado|formal_IMSS|0.050964039588572985|4572.0|23|True
50-54|hombre|media_sup|desempleado|informal|0.35659130188636495|4572.0|23|True
50-54|hombre|media_sup|desempleado|desempleado|0.1598515999091708|4572.0|23|True
50-54|hombre|media_sup|desempleado|fuera_PEA|0.4325930586158912|4572.0|23|True
50-54|hombre|media_sup|fuera_PEA|formal_IMSS|0.07926967383851645|38369.0|150|False
50-54|hombre|media_sup|fuera_PEA|informal|0.18038532739612748|38369.0|150|False
50-54|hombre|media_sup|fuera_PEA|desempleado|0.056351523002630764|38369.0|150|False
50-54|hombre|media_sup|fuera_PEA|fuera_PEA|0.6839934757627253|38369.0|150|False
50-54|hombre|superior|formal_IMSS|formal_IMSS|0.8311856813452618|176425.0|650|False
50-54|hombre|superior|formal_IMSS|informal|0.14186941712003906|176425.0|650|False
50-54|hombre|superior|formal_IMSS|desempleado|0.014363656148954053|176425.0|650|False
50-54|hombre|superior|formal_IMSS|fuera_PEA|0.012581245385745173|176425.0|650|False
50-54|hombre|superior|informal|formal_IMSS|0.08583407780039874|284476.0|922|False
50-54|hombre|superior|informal|informal|0.8616627652710013|284476.0|922|False
50-54|hombre|superior|informal|desempleado|0.012804569283333416|284476.0|922|False
50-54|hombre|superior|informal|fuera_PEA|0.03969858764526649|284476.0|922|False
50-54|hombre|superior|desempleado|formal_IMSS|0.06234041569172176|9034.0|26|True
50-54|hombre|superior|desempleado|informal|0.18178882231383445|9034.0|26|True
50-54|hombre|superior|desempleado|desempleado|0.6103390306408808|9034.0|26|True
50-54|hombre|superior|desempleado|fuera_PEA|0.14553173135356304|9034.0|26|True
50-54|hombre|superior|fuera_PEA|formal_IMSS|0.054256642565480406|22646.0|91|False
50-54|hombre|superior|fuera_PEA|informal|0.39062920091882436|22646.0|91|False
50-54|hombre|superior|fuera_PEA|desempleado|0.017702549697695257|22646.0|91|False
50-54|hombre|superior|fuera_PEA|fuera_PEA|0.537411606818|22646.0|91|False
50-54|mujer|basica-|formal_IMSS|formal_IMSS|0.8097694532723358|201288.0|752|False
50-54|mujer|basica-|formal_IMSS|informal|0.08142298031417397|201288.0|752|False
50-54|mujer|basica-|formal_IMSS|desempleado|0.007009807111464055|201288.0|752|False
50-54|mujer|basica-|formal_IMSS|fuera_PEA|0.10179775930202624|201288.0|752|False
50-54|mujer|basica-|informal|formal_IMSS|0.030749890291553915|752633.0|2336|False
50-54|mujer|basica-|informal|informal|0.7144745765879229|752633.0|2336|False
50-54|mujer|basica-|informal|desempleado|0.002003305357137896|752633.0|2336|False
50-54|mujer|basica-|informal|fuera_PEA|0.25277222776338526|752633.0|2336|False
50-54|mujer|basica-|desempleado|formal_IMSS|0.10941207908236265|12086.0|34|False
50-54|mujer|basica-|desempleado|informal|0.2627239958324966|12086.0|34|False
50-54|mujer|basica-|desempleado|desempleado|0.029951581518075743|12086.0|34|False
50-54|mujer|basica-|desempleado|fuera_PEA|0.5979123435670649|12086.0|34|False
50-54|mujer|basica-|fuera_PEA|formal_IMSS|0.010312921137932998|984074.0|2869|False
50-54|mujer|basica-|fuera_PEA|informal|0.17908066460570438|984074.0|2869|False
50-54|mujer|basica-|fuera_PEA|desempleado|0.004048584111807816|984074.0|2869|False
50-54|mujer|basica-|fuera_PEA|fuera_PEA|0.8065578301445548|984074.0|2869|False
50-54|mujer|media_sup|formal_IMSS|formal_IMSS|0.796448502329185|163098.0|558|False
50-54|mujer|media_sup|formal_IMSS|informal|0.11822602868904386|163098.0|558|False
50-54|mujer|media_sup|formal_IMSS|desempleado|0.006379928211336326|163098.0|558|False
50-54|mujer|media_sup|formal_IMSS|fuera_PEA|0.07894554077043482|163098.0|558|False
50-54|mujer|media_sup|informal|formal_IMSS|0.04133778489887839|251029.0|829|False
50-54|mujer|media_sup|informal|informal|0.7464643438182844|251029.0|829|False
50-54|mujer|media_sup|informal|desempleado|0.02714816314903117|251029.0|829|False
50-54|mujer|media_sup|informal|fuera_PEA|0.18504970813380595|251029.0|829|False
50-54|mujer|media_sup|desempleado|formal_IMSS|0.18755926318821395|6718.0|21|True
50-54|mujer|media_sup|desempleado|informal|0.30760102107667325|6718.0|21|True
50-54|mujer|media_sup|desempleado|desempleado|0.03399928001524674|6718.0|21|True
50-54|mujer|media_sup|desempleado|fuera_PEA|0.470840435719866|6718.0|21|True
50-54|mujer|media_sup|fuera_PEA|formal_IMSS|0.029390574574511573|255764.0|850|False
50-54|mujer|media_sup|fuera_PEA|informal|0.13790368902599587|255764.0|850|False
50-54|mujer|media_sup|fuera_PEA|desempleado|0.008668773774459184|255764.0|850|False
50-54|mujer|media_sup|fuera_PEA|fuera_PEA|0.8240369626250335|255764.0|850|False
50-54|mujer|superior|formal_IMSS|formal_IMSS|0.739763964692975|126697.0|491|False
50-54|mujer|superior|formal_IMSS|informal|0.1844502704906749|126697.0|491|False
50-54|mujer|superior|formal_IMSS|desempleado|0.008655417074510063|126697.0|491|False
50-54|mujer|superior|formal_IMSS|fuera_PEA|0.06713034774184004|126697.0|491|False
50-54|mujer|superior|informal|formal_IMSS|0.08916975539380131|277994.0|938|False
50-54|mujer|superior|informal|informal|0.7928814424570861|277994.0|938|False
50-54|mujer|superior|informal|desempleado|0.0047116071094232175|277994.0|938|False
50-54|mujer|superior|informal|fuera_PEA|0.11323719503968932|277994.0|938|False
50-54|mujer|superior|desempleado|formal_IMSS|0.052851783136750236|9519.0|30|False
50-54|mujer|superior|desempleado|informal|0.16747401362993425|9519.0|30|False
50-54|mujer|superior|desempleado|desempleado|0.21309146461391046|9519.0|30|False
50-54|mujer|superior|desempleado|fuera_PEA|0.5665827386194051|9519.0|30|False
50-54|mujer|superior|fuera_PEA|formal_IMSS|0.035684361775478686|137248.0|422|False
50-54|mujer|superior|fuera_PEA|informal|0.11515221857348958|137248.0|422|False
50-54|mujer|superior|fuera_PEA|desempleado|0.005330509522665753|137248.0|422|False
50-54|mujer|superior|fuera_PEA|fuera_PEA|0.8438329101283659|137248.0|422|False
55-59|hombre|basica-|formal_IMSS|formal_IMSS|0.8105116327104492|309177.0|1003|False
55-59|hombre|basica-|formal_IMSS|informal|0.1529507888460485|309177.0|1003|False
55-59|hombre|basica-|formal_IMSS|desempleado|0.006826400909039823|309177.0|1003|False
55-59|hombre|basica-|formal_IMSS|fuera_PEA|0.029711177534462563|309177.0|1003|False
55-59|hombre|basica-|informal|formal_IMSS|0.053176791542991673|885592.0|2489|False
55-59|hombre|basica-|informal|informal|0.8498381216082666|885592.0|2489|False
55-59|hombre|basica-|informal|desempleado|0.006140096174038639|885592.0|2489|False
55-59|hombre|basica-|informal|fuera_PEA|0.09084499067470322|885592.0|2489|False
55-59|hombre|basica-|desempleado|formal_IMSS|0.1415466672565063|15449.0|69|False
55-59|hombre|basica-|desempleado|informal|0.5512319540137735|15449.0|69|False
55-59|hombre|basica-|desempleado|desempleado|0.10894781275115702|15449.0|69|False
55-59|hombre|basica-|desempleado|fuera_PEA|0.19827356597856324|15449.0|69|False
55-59|hombre|basica-|fuera_PEA|formal_IMSS|0.058910413753676005|168740.0|562|False
55-59|hombre|basica-|fuera_PEA|informal|0.3189690652448457|168740.0|562|False
55-59|hombre|basica-|fuera_PEA|desempleado|0.018279608768378988|168740.0|562|False
55-59|hombre|basica-|fuera_PEA|fuera_PEA|0.6038409122330992|168740.0|562|False
55-59|hombre|media_sup|formal_IMSS|formal_IMSS|0.8081124630718117|138403.0|473|False
55-59|hombre|media_sup|formal_IMSS|informal|0.16309540807262246|138403.0|473|False
55-59|hombre|media_sup|formal_IMSS|desempleado|0.0031778545963687555|138403.0|473|False
55-59|hombre|media_sup|formal_IMSS|fuera_PEA|0.02561427425919702|138403.0|473|False
55-59|hombre|media_sup|informal|formal_IMSS|0.060452104034409794|239890.0|754|False
55-59|hombre|media_sup|informal|informal|0.870866119074617|239890.0|754|False
55-59|hombre|media_sup|informal|desempleado|0.004416201563266535|239890.0|754|False
55-59|hombre|media_sup|informal|fuera_PEA|0.06426557532770683|239890.0|754|False
55-59|hombre|media_sup|desempleado|formal_IMSS|0.2008929070732365|7608.0|23|True
55-59|hombre|media_sup|desempleado|informal|0.2133613131717911|7608.0|23|True
55-59|hombre|media_sup|desempleado|desempleado|0.3108641993519781|7608.0|23|True
55-59|hombre|media_sup|desempleado|fuera_PEA|0.27488158040299426|7608.0|23|True
55-59|hombre|media_sup|fuera_PEA|formal_IMSS|0.038625671322817|58396.0|199|False
55-59|hombre|media_sup|fuera_PEA|informal|0.2571871831766433|58396.0|199|False
55-59|hombre|media_sup|fuera_PEA|desempleado|0.011838197262996057|58396.0|199|False
55-59|hombre|media_sup|fuera_PEA|fuera_PEA|0.6923489482375436|58396.0|199|False
55-59|hombre|superior|formal_IMSS|formal_IMSS|0.8367782622275146|153410.0|466|False
55-59|hombre|superior|formal_IMSS|informal|0.11298794979643903|153410.0|466|False
55-59|hombre|superior|formal_IMSS|desempleado|0.02091443380091228|153410.0|466|False
55-59|hombre|superior|formal_IMSS|fuera_PEA|0.029319354175134055|153410.0|466|False
55-59|hombre|superior|informal|formal_IMSS|0.05437151400348806|207752.0|774|False
55-59|hombre|superior|informal|informal|0.8717458914008948|207752.0|774|False
55-59|hombre|superior|informal|desempleado|0.010449621175558975|207752.0|774|False
55-59|hombre|superior|informal|fuera_PEA|0.0634329734200582|207752.0|774|False
55-59|hombre|superior|desempleado|formal_IMSS|0.334555310479386|6246.0|27|True
55-59|hombre|superior|desempleado|informal|0.2223626499215375|6246.0|27|True
55-59|hombre|superior|desempleado|desempleado|0.13753247325160647|6246.0|27|True
55-59|hombre|superior|desempleado|fuera_PEA|0.30554956634746994|6246.0|27|True
55-59|hombre|superior|fuera_PEA|formal_IMSS|0.08560182801267613|46370.0|192|False
55-59|hombre|superior|fuera_PEA|informal|0.21005785952251868|46370.0|192|False
55-59|hombre|superior|fuera_PEA|desempleado|0.008167861296622354|46370.0|192|False
55-59|hombre|superior|fuera_PEA|fuera_PEA|0.6961724511681828|46370.0|192|False
55-59|mujer|basica-|formal_IMSS|formal_IMSS|0.79472234297102|143610.0|508|False
55-59|mujer|basica-|formal_IMSS|informal|0.12763781084268233|143610.0|508|False
55-59|mujer|basica-|formal_IMSS|desempleado|7.64381260480329e-05|143610.0|508|False
55-59|mujer|basica-|formal_IMSS|fuera_PEA|0.07756340806024968|143610.0|508|False
55-59|mujer|basica-|informal|formal_IMSS|0.02765144419720875|609569.0|1823|False
55-59|mujer|basica-|informal|informal|0.728963797194843|609569.0|1823|False
55-59|mujer|basica-|informal|desempleado|0.000952011679201002|609569.0|1823|False
55-59|mujer|basica-|informal|fuera_PEA|0.24243274692874717|609569.0|1823|False
55-59|mujer|basica-|desempleado|formal_IMSS|0.09989488823078548|11882.0|25|True
55-59|mujer|basica-|desempleado|informal|0.17426953275175017|11882.0|25|True
55-59|mujer|basica-|desempleado|desempleado|0.04220645705050779|11882.0|25|True
55-59|mujer|basica-|desempleado|fuera_PEA|0.6836291219669566|11882.0|25|True
55-59|mujer|basica-|fuera_PEA|formal_IMSS|0.00975581294224781|942329.0|2836|False
55-59|mujer|basica-|fuera_PEA|informal|0.14169976818669125|942329.0|2836|False
55-59|mujer|basica-|fuera_PEA|desempleado|0.002762970194657614|942329.0|2836|False
55-59|mujer|basica-|fuera_PEA|fuera_PEA|0.8457814486764033|942329.0|2836|False
55-59|mujer|media_sup|formal_IMSS|formal_IMSS|0.80253171677594|87419.0|328|False
55-59|mujer|media_sup|formal_IMSS|informal|0.12823439813137466|87419.0|328|False
55-59|mujer|media_sup|formal_IMSS|desempleado|0.0038810681836687266|87419.0|328|False
55-59|mujer|media_sup|formal_IMSS|fuera_PEA|0.06535281690901637|87419.0|328|False
55-59|mujer|media_sup|informal|formal_IMSS|0.035442625701505755|175685.0|586|False
55-59|mujer|media_sup|informal|informal|0.7436658580595982|175685.0|586|False
55-59|mujer|media_sup|informal|desempleado|0.023974419356706297|175685.0|586|False
55-59|mujer|media_sup|informal|fuera_PEA|0.19691709688218986|175685.0|586|False
55-59|mujer|media_sup|desempleado|formal_IMSS|0.040250106878498726|7143.0|13|True
55-59|mujer|media_sup|desempleado|informal|0.17102584413666308|7143.0|13|True
55-59|mujer|media_sup|desempleado|desempleado|0.613092915246642|7143.0|13|True
55-59|mujer|media_sup|desempleado|fuera_PEA|0.1756311337381963|7143.0|13|True
55-59|mujer|media_sup|fuera_PEA|formal_IMSS|0.012921742918937934|262958.0|928|False
55-59|mujer|media_sup|fuera_PEA|informal|0.14665052041259943|262958.0|928|False
55-59|mujer|media_sup|fuera_PEA|desempleado|0.0033523298921482917|262958.0|928|False
55-59|mujer|media_sup|fuera_PEA|fuera_PEA|0.8370754067763145|262958.0|928|False
55-59|mujer|superior|formal_IMSS|formal_IMSS|0.7807746244394267|72151.0|256|False
55-59|mujer|superior|formal_IMSS|informal|0.159649816235557|72151.0|256|False
55-59|mujer|superior|formal_IMSS|desempleado|0.013540633771429458|72151.0|256|False
55-59|mujer|superior|formal_IMSS|fuera_PEA|0.046034925553586854|72151.0|256|False
55-59|mujer|superior|informal|formal_IMSS|0.044854868583307644|156539.0|612|False
55-59|mujer|superior|informal|informal|0.8621547620026022|156539.0|612|False
55-59|mujer|superior|informal|desempleado|4.80269292531288e-05|156539.0|612|False
55-59|mujer|superior|informal|fuera_PEA|0.09294234248483717|156539.0|612|False
55-59|mujer|superior|desempleado|formal_IMSS|0.05175013741521265|1313.0|9|True
55-59|mujer|superior|desempleado|informal|0.3146858704008545|1313.0|9|True
55-59|mujer|superior|desempleado|desempleado|0.21057991285492067|1313.0|9|True
55-59|mujer|superior|desempleado|fuera_PEA|0.4229840793290122|1313.0|9|True
55-59|mujer|superior|fuera_PEA|formal_IMSS|0.03658540283989378|169975.0|607|False
55-59|mujer|superior|fuera_PEA|informal|0.13033945060871013|169975.0|607|False
55-59|mujer|superior|fuera_PEA|desempleado|0.03198911698036452|169975.0|607|False
55-59|mujer|superior|fuera_PEA|fuera_PEA|0.8010860295710316|169975.0|607|False
60-64|hombre|basica-|formal_IMSS|formal_IMSS|0.7149932356596449|116081.0|406|False
60-64|hombre|basica-|formal_IMSS|informal|0.13967994741689582|116081.0|406|False
60-64|hombre|basica-|formal_IMSS|desempleado|0.002304003022944359|116081.0|406|False
60-64|hombre|basica-|formal_IMSS|fuera_PEA|0.14302281390051497|116081.0|406|False
60-64|hombre|basica-|informal|formal_IMSS|0.033394064115887925|719678.0|2059|False
60-64|hombre|basica-|informal|informal|0.8116611696269245|719678.0|2059|False
60-64|hombre|basica-|informal|desempleado|0.00819838006834258|719678.0|2059|False
60-64|hombre|basica-|informal|fuera_PEA|0.146746386188845|719678.0|2059|False
60-64|hombre|basica-|desempleado|formal_IMSS|0.03829962971085857|10864.0|41|False
60-64|hombre|basica-|desempleado|informal|0.36807106383413496|10864.0|41|False
60-64|hombre|basica-|desempleado|desempleado|0.05893903996345114|10864.0|41|False
60-64|hombre|basica-|desempleado|fuera_PEA|0.5346902664915553|10864.0|41|False
60-64|hombre|basica-|fuera_PEA|formal_IMSS|0.016475556147638494|362897.0|1198|False
60-64|hombre|basica-|fuera_PEA|informal|0.24101793176005137|362897.0|1198|False
60-64|hombre|basica-|fuera_PEA|desempleado|0.014381431212705026|362897.0|1198|False
60-64|hombre|basica-|fuera_PEA|fuera_PEA|0.728125080879605|362897.0|1198|False
60-64|hombre|media_sup|formal_IMSS|formal_IMSS|0.7275455164412431|44476.0|161|False
60-64|hombre|media_sup|formal_IMSS|informal|0.1792851951754811|44476.0|161|False
60-64|hombre|media_sup|formal_IMSS|desempleado|0.00012103880342652782|44476.0|161|False
60-64|hombre|media_sup|formal_IMSS|fuera_PEA|0.09304824957984932|44476.0|161|False
60-64|hombre|media_sup|informal|formal_IMSS|0.05054202574850685|143866.0|480|False
60-64|hombre|media_sup|informal|informal|0.786572330452019|143866.0|480|False
60-64|hombre|media_sup|informal|desempleado|0.0011116342366867238|143866.0|480|False
60-64|hombre|media_sup|informal|fuera_PEA|0.16177400956278742|143866.0|480|False
60-64|hombre|media_sup|desempleado|formal_IMSS|0.005995398565435106|3925.0|10|True
60-64|hombre|media_sup|desempleado|informal|0.1941185597802897|3925.0|10|True
60-64|hombre|media_sup|desempleado|desempleado|0.5738118204630226|3925.0|10|True
60-64|hombre|media_sup|desempleado|fuera_PEA|0.2260742211912526|3925.0|10|True
60-64|hombre|media_sup|fuera_PEA|formal_IMSS|0.012223499723000334|122499.0|404|False
60-64|hombre|media_sup|fuera_PEA|informal|0.18999249729753853|122499.0|404|False
60-64|hombre|media_sup|fuera_PEA|desempleado|0.012383727032590967|122499.0|404|False
60-64|hombre|media_sup|fuera_PEA|fuera_PEA|0.7854002759468702|122499.0|404|False
60-64|hombre|superior|formal_IMSS|formal_IMSS|0.6782054353413374|56588.0|212|False
60-64|hombre|superior|formal_IMSS|informal|0.24462763098972404|56588.0|212|False
60-64|hombre|superior|formal_IMSS|desempleado|0.006808448019965629|56588.0|212|False
60-64|hombre|superior|formal_IMSS|fuera_PEA|0.07035848564897289|56588.0|212|False
60-64|hombre|superior|informal|formal_IMSS|0.04485870927590221|177937.0|682|False
60-64|hombre|superior|informal|informal|0.8228583752667111|177937.0|682|False
60-64|hombre|superior|informal|desempleado|0.001555822688586982|177937.0|682|False
60-64|hombre|superior|informal|fuera_PEA|0.13072709276879965|177937.0|682|False
60-64|hombre|superior|desempleado|formal_IMSS|0.005995398565435106|3722.0|10|True
60-64|hombre|superior|desempleado|informal|0.16808776337947784|3722.0|10|True
60-64|hombre|superior|desempleado|desempleado|0.25626914370658155|3722.0|10|True
60-64|hombre|superior|desempleado|fuera_PEA|0.5696476943485055|3722.0|10|True
60-64|hombre|superior|fuera_PEA|formal_IMSS|0.029271231225858663|160685.0|567|False
60-64|hombre|superior|fuera_PEA|informal|0.1433555101187484|160685.0|567|False
60-64|hombre|superior|fuera_PEA|desempleado|0.008520535677563102|160685.0|567|False
60-64|hombre|superior|fuera_PEA|fuera_PEA|0.8188527229778298|160685.0|567|False
60-64|mujer|basica-|formal_IMSS|formal_IMSS|0.7601601534697784|46874.0|175|False
60-64|mujer|basica-|formal_IMSS|informal|0.15830239927351103|46874.0|175|False
60-64|mujer|basica-|formal_IMSS|desempleado|0.00011162467427113121|46874.0|175|False
60-64|mujer|basica-|formal_IMSS|fuera_PEA|0.08142582258243951|46874.0|175|False
60-64|mujer|basica-|informal|formal_IMSS|0.01900884302434038|491616.0|1410|False
60-64|mujer|basica-|informal|informal|0.6810692777952058|491616.0|1410|False
60-64|mujer|basica-|informal|desempleado|0.00022601268056295242|491616.0|1410|False
60-64|mujer|basica-|informal|fuera_PEA|0.299695866499891|491616.0|1410|False
60-64|mujer|basica-|desempleado|formal_IMSS|0.005290057557736858|4958.0|12|True
60-64|mujer|basica-|desempleado|informal|0.42268655618133066|4958.0|12|True
60-64|mujer|basica-|desempleado|desempleado|0.08702327416843965|4958.0|12|True
60-64|mujer|basica-|desempleado|fuera_PEA|0.48500011209249283|4958.0|12|True
60-64|mujer|basica-|fuera_PEA|formal_IMSS|0.00564083755426274|1078743.0|3219|False
60-64|mujer|basica-|fuera_PEA|informal|0.11953239548856277|1078743.0|3219|False
60-64|mujer|basica-|fuera_PEA|desempleado|0.0018878714944496648|1078743.0|3219|False
60-64|mujer|basica-|fuera_PEA|fuera_PEA|0.8729388954627249|1078743.0|3219|False
60-64|mujer|media_sup|formal_IMSS|formal_IMSS|0.7626093280967491|21340.0|72|False
60-64|mujer|media_sup|formal_IMSS|informal|0.15440904891086493|21340.0|72|False
60-64|mujer|media_sup|formal_IMSS|desempleado|0.026157069036143496|21340.0|72|False
60-64|mujer|media_sup|formal_IMSS|fuera_PEA|0.05682455395624242|21340.0|72|False
60-64|mujer|media_sup|informal|formal_IMSS|0.01978080122699217|109856.0|355|False
60-64|mujer|media_sup|informal|informal|0.7622485721925547|109856.0|355|False
60-64|mujer|media_sup|informal|desempleado|5.1828514442423474e-05|109856.0|355|False
60-64|mujer|media_sup|informal|fuera_PEA|0.21791879806601075|109856.0|355|False
60-64|mujer|media_sup|desempleado|formal_IMSS|0.009992330942391844|710.0|4|True
60-64|mujer|media_sup|desempleado|informal|0.17208011909595344|710.0|4|True
60-64|mujer|media_sup|desempleado|desempleado|0.10709613389272342|710.0|4|True
60-64|mujer|media_sup|desempleado|fuera_PEA|0.7108314160689313|710.0|4|True
60-64|mujer|media_sup|fuera_PEA|formal_IMSS|0.004106827020861532|233965.0|852|False
60-64|mujer|media_sup|fuera_PEA|informal|0.08597049265760351|233965.0|852|False
60-64|mujer|media_sup|fuera_PEA|desempleado|0.005723433175494321|233965.0|852|False
60-64|mujer|media_sup|fuera_PEA|fuera_PEA|0.9041992471460405|233965.0|852|False
60-64|mujer|superior|formal_IMSS|formal_IMSS|0.7706173492107008|24459.0|91|False
60-64|mujer|superior|formal_IMSS|informal|0.19284948700729287|24459.0|91|False
60-64|mujer|superior|formal_IMSS|desempleado|0.00020929626425837103|24459.0|91|False
60-64|mujer|superior|formal_IMSS|fuera_PEA|0.036323867517748014|24459.0|91|False
60-64|mujer|superior|informal|formal_IMSS|0.07182357112804226|103726.0|376|False
60-64|mujer|superior|informal|informal|0.7057832680411645|103726.0|376|False
60-64|mujer|superior|informal|desempleado|0.0007625416917380132|103726.0|376|False
60-64|mujer|superior|informal|fuera_PEA|0.22163061913905538|103726.0|376|False
60-64|mujer|superior|desempleado|formal_IMSS|0.009992330942391844|451.0|4|True
60-64|mujer|superior|desempleado|informal|0.4943269779281782|451.0|4|True
60-64|mujer|superior|desempleado|desempleado|0.10709613389272342|451.0|4|True
60-64|mujer|superior|desempleado|fuera_PEA|0.3885845572367066|451.0|4|True
60-64|mujer|superior|fuera_PEA|formal_IMSS|0.009812584788386305|228484.0|875|False
60-64|mujer|superior|fuera_PEA|informal|0.08741818676840356|228484.0|875|False
60-64|mujer|superior|fuera_PEA|desempleado|0.0050374407537217706|228484.0|875|False
60-64|mujer|superior|fuera_PEA|fuera_PEA|0.8977317876894884|228484.0|875|False
